Word,Frequency
de,54387
en,20073
y,19241
la,18633
a,14535
el,14059
que,13908
los,8661
para,7449
un,7292
con,7284
su,6440
por,5359
las,5344
del,5314
una,4994
telemundo,4503
se,4489
al,3927
amor,3874
shop,3829
uu,3820
ee,3717
más,3290
no,3002
es,2937
novelas,2922
6,2584
noticias,2377
como,2263
sus,2215
poder,2174
tu,2059
lo,1904
este,1836
nbcuniversal,1834
tien,1768
te,1669
venganzapasión,1635
mi,1584
o,1498
11,1374
le,1355
casa,1337
2022,1330
gavilanes,1232
covid,1184
si,1156
contra,1099
años,1093
información,1058
servicio,1053
son,1047
personas,1039
nueva,1025
estados,1020
01,1011
esta,1008
to,1006
qué,994
of,981
día,977
19,961
sin,956
turcas,955
santo,933
with,927
cliente,924
for,920
enterprises,920
ha,919
frecuentes,915
rusia,912
skip,911
venda,909
devolución,909
division,909
on,908
not,896
is,895
browser,891
ser,889
an,888
our,887
pero,886
supported,885
experience,885
visit,885
optimal,884
site,884
another,884
19inmigraciónentretenimientodeporteshoróscoposel,884
vivopeacockshopsearchtelemundo,884
logobusca,884
telemundobusca,884
telemundoseries,884
españolseries,884
contenttelemundoshowsnoticiascovid,883
choicespolítica,883
privacidadno,883
